ref_code,source_material_id_orig,source_material_id,ref_code_seq
EMOBON00561,NR_1 - 29/12/21_SF_rep1,EMOBON_IUIEilat_Ha_1,DBN_AAAI
EMOBON00562,NR_1 - 29/12/21_SF_rep2,EMOBON_IUIEilat_Ha_2,DBN_AAAJ
EMOBON00563,NR_1 - 29/12/21_MF100_rep1,EMOBON_IUIEilat_Ha_3,DBN_AAAK
EMOBON00564,NR_1 - 29/12/21_MF100_rep2,EMOBON_IUIEilat_Ha_4,DBN_AAAL
EMOBON00565,NR_1 - 29/12/21_MF500_rep1,EMOBON_IUIEilat_Ha_5,DBN_AAAM
EMOBON00566,NR_1 - 29/12/21_MF500_rep2,EMOBON_IUIEilat_Ha_6,DBN_AAAN
EMOBON00567,NR_2 - 03/01/22_SF_rep1,EMOBON_IUIEilat_Ha_7,DBN_AAAO
EMOBON00568,NR_2 - 03/01/22_SF_rep2,EMOBON_IUIEilat_Ha_8,DBN_AAAP
EMOBON00569,NR_2 - 03/01/22_MF100_rep1,EMOBON_IUIEilat_Ha_9,DBN_AAAQ
EMOBON00570,NR_2 - 03/01/22_MF100_rep2,EMOBON_IUIEilat_Ha_10,DBN_AAAR
EMOBON00571,NR_2 - 03/01/22_MF500_rep1,EMOBON_IUIEilat_Ha_11,DBN_AAAS
EMOBON00572,NR_2 - 03/01/22_MF500_rep2,EMOBON_IUIEilat_Ha_12,DBN_AAAT
EMOBON00573,NR_3 - 05/01/22_SF_rep1,EMOBON_IUIEilat_Ha_13,DBN_AAAU
EMOBON00574,NR_3 - 05/01/22_SF_rep2,EMOBON_IUIEilat_Ha_14,DBN_AAAV
EMOBON00575,NR_3 - 05/01/22_MF100_rep1,EMOBON_IUIEilat_Ha_15,DBN_AAAW
EMOBON00576,NR_3 - 05/01/22_MF100_rep2,EMOBON_IUIEilat_Ha_16,DBN_AAAX
EMOBON00577,NR_3 - 05/01/22_MF500_rep1,EMOBON_IUIEilat_Ha_17,DBN_AAAY
EMOBON00578,NR_3 - 05/01/22_MF500_rep2,EMOBON_IUIEilat_Ha_18,DBN_AAAZ
EMOBON00579,Katza_1- 13/03/22_SF_rep1,EMOBON_IUIEilat_Ha_19,DBN_AABA
EMOBON00580,Katza_1- 13/03/22_SF_rep2,EMOBON_IUIEilat_Ha_20,DBN_AABB
EMOBON00581,Katza_1- 13/03/22_MF100_rep1,EMOBON_IUIEilat_Ha_21,DBN_AABC
EMOBON00582,Katza_1- 13/03/22_MF100_rep2,EMOBON_IUIEilat_Ha_22,DBN_AABD
EMOBON00583,Katza_1- 13/03/22_MF500_rep1,EMOBON_IUIEilat_Ha_23,DBN_AABE
EMOBON00584,Katza_1- 13/03/22_MF500_rep2,EMOBON_IUIEilat_Ha_24,DBN_AABF
EMOBON00585,Katza_2- 22/03/22_SF_rep1,EMOBON_IUIEilat_Ha_25,DBN_AABG
EMOBON00586,Katza_2- 22/03/22_SF_rep2,EMOBON_IUIEilat_Ha_26,DBN_AABH
EMOBON00587,Katza_2- 22/03/22_MF100_rep1,EMOBON_IUIEilat_Ha_27,DBN_AABI
EMOBON00588,Katza_2- 22/03/22_MF100_rep2,EMOBON_IUIEilat_Ha_28,DBN_AABJ
EMOBON00589,Katza_2- 22/03/22_MF500_rep1,EMOBON_IUIEilat_Ha_29,DBN_AABK
EMOBON00590,Katza_2- 22/03/22_MF500_rep2,EMOBON_IUIEilat_Ha_30,DBN_AABL
EMOBON00591,Katza_3- 25/03/22_SF_rep1,EMOBON_IUIEilat_Ha_31,DBN_AABM
EMOBON00592,Katza_3- 25/03/22_SF_rep2,EMOBON_IUIEilat_Ha_32,DBN_AABN
EMOBON00593,Katza_3- 25/03/22_MF100_rep1,EMOBON_IUIEilat_Ha_33,DBN_AABO
EMOBON00594,Katza_3- 25/03/22_MF100_rep2,EMOBON_IUIEilat_Ha_34,DBN_AABP
EMOBON00595,Katza_3- 25/03/22_MF500_rep1,EMOBON_IUIEilat_Ha_35,DBN_AABQ
EMOBON00596,Katza_3- 25/03/22_MF500_rep2,EMOBON_IUIEilat_Ha_36,DBN_AABR
EMOBON00597,EMOBON_BPNS_So_220420_macro_2,EMOBON_BPNS_So_52,DBK_AAAX
EMOBON00598,EMOBON_BPNS_So_211028_macro_1,EMOBON_BPNS_So_23,DBK_AAAY
EMOBON00599,EMOBON_BPNS_So_211028_macro_2,EMOBON_BPNS_So_24,DBK_AAAZ
EMOBON00600,EMO BON CPOWERB HA 20210623 20220622 SF40 (1),EMOBON_BPNS_Ha_8,DBN_AABS
EMOBON00601,EMO BON CPOWERB HA 20210623 20220622 SF40 (2),EMOBON_BPNS_Ha_9,DBN_AABT
EMOBON00602,EMO BON CPOWERB HA 20210623 20220622 SF40 (3),EMOBON_BPNS_Ha_10,DBN_AABU
EMOBON00603,EMO BON CPOWERC HA 20210623 20220622 SF40 (1),EMOBON_BPNS_Ha_11,DBN_AABV
EMOBON00604,EMO BON CPOWERC HA 20210623 20220622 SF40 (2),EMOBON_BPNS_Ha_16,DBN_AABW
EMOBON00605,EMO BON CPOWERC HA 20210623 20220622 SF40 (3),EMOBON_BPNS_Ha_17,DBN_AABX
EMOBON00606,EMO BON CPOWERB HA 20210623 20220622 MF500 (1),EMOBON_BPNS_Ha_12,DBN_AABY
EMOBON00607,EMO BON CPOWERB HA 20210623 20220622 MF500 (2),EMOBON_BPNS_Ha_13,DBN_AABZ
EMOBON00608,EMO BON CPOWERB HA 20210623 20220622 MF100 (1),EMOBON_BPNS_Ha_14,DBN_AACA
EMOBON00609,EMO BON CPOWERB HA 20210623 20220622 MF100 (2),EMOBON_BPNS_Ha_15,DBN_AACB
EMOBON00610,EMO BON CPOWERC HA 20210623 20220622 MF500 (1),EMOBON_BPNS_Ha_18,DBN_AACC
EMOBON00611,EMO BON CPOWERC HA 20210623 20220622 MF500 (2),EMOBON_BPNS_Ha_19,DBN_AACD
EMOBON00612,EMO BON CPOWERC HA 20210623 20220622 MF100 (1),EMOBON_BPNS_Ha_20,DBN_AACE
EMOBON00613,EMO BON CPOWERC HA 20210623 20220622 MF100 (2),EMOBON_BPNS_Ha_21,DBN_AACF
EMOBON00614,EMOBON_EMT21_So_211020_macro_1mm_1,EMOBON_EMT21_So_1,DBK_AABA
EMOBON00615,EMOBON_EMT21_So_211020_macro_1mm_2,EMOBON_EMT21_So_2,DBK_AABB
EMOBON00616,EMOBON_EMT21_So_211020_macro_0.5mm_1,EMOBON_EMT21_So_5,DBK_AABC
EMOBON00617,EMOBON_EMT21_So_211020_macro_0.5mm_2,EMOBON_EMT21_So_6,DBK_AABD
EMOBON00618,EMO BON Toralla JTA ARMS 210701 211009 SF (1),EMOBON_EMT21_Ha_1,DBN_AACG
EMOBON00619,EMO BON Toralla JTA ARMS 210701 211009 SF (2),EMOBON_EMT21_Ha_2,DBN_AACH
EMOBON00620,EMO BON Toralla JTA ARMS 210701 211009 SF (3),EMOBON_EMT21_Ha_3,DBN_AACI
EMOBON00621,EMO BON Toralla JTB ARMS 210701 211009 SF (1),EMOBON_EMT21_Ha_4,DBN_AACJ
EMOBON00622,EMO BON Toralla JTB ARMS 210701 211009 SF (2),EMOBON_EMT21_Ha_5,DBN_AACK
EMOBON00623,EMO BON Toralla JTC ARMS 210701 211009 SF (1),EMOBON_EMT21_Ha_6,DBN_AACL
EMOBON00624,EMO BON Toralla JTC ARMS 210701 211009 SF (2),EMOBON_EMT21_Ha_7,DBN_AACM
EMOBON00625,EMO BON Toralla JTA ARMS 210701 211009 MF500 (1),EMOBON_EMT21_Ha_8,DBN_AACN
EMOBON00626,EMO BON Toralla JTA ARMS 210701 211009 MF100 (1),EMOBON_EMT21_Ha_9,DBN_AACO
EMOBON00627,EMO BON Toralla JTB ARMS 210701 211009 MF500 (1),EMOBON_EMT21_Ha_10,DBN_AACP
EMOBON00628,EMO BON Toralla JTB ARMS 210701 211009 MF100 (1),EMOBON_EMT21_Ha_11,DBN_AACQ
EMOBON00629,EMO BON Toralla JTC ARMS 210701 211009 MF500 (1),EMOBON_EMT21_Ha_12,DBN_AACR
EMOBON00630,EMO BON Toralla JTC ARMS 210701 211009 MF100 (1),EMOBON_EMT21_Ha_13,DBN_AACS
EMOBON00631,ARMS_ VEN1_20210623-20220713_SF40_A,EMOBON_Italy_Ha_1,DBN_AACT
EMOBON00632,ARMS_ VEN1_20210623-20220713_MF100_A,EMOBON_Italy_Ha_2,DBN_AACU
EMOBON00633,ARMS_ VEN1_20210623-20220713_MF500_A,EMOBON_Italy_Ha_3,DBN_AACV
EMOBON00634,ARMS_ VEN2_20210623-20220713_SF40_A,EMOBON_Italy_Ha_4,DBN_AACW
EMOBON00635,ARMS_ VEN2_20210623-20220713_MF100_A,EMOBON_Italy_Ha_5,DBN_AACX
EMOBON00636,ARMS_ VEN2_20210623-20220713_MF500_A,EMOBON_Italy_Ha_6,DBN_AACY
EMOBON00637,ARMS_ VEN3_20210623-20220713_SF40_A,EMOBON_Italy_Ha_7,DBN_AACZ
EMOBON00638,ARMS_ VEN3_20210623-20220713_MF100_A,EMOBON_Italy_Ha_8,DBN_AADA
EMOBON00639,ARMS_ VEN3_20210623-20220713_MF500_A,EMOBON_Italy_Ha_9,DBN_AADB
EMOBON00640,ARMS_RAVH1_20220428-20220718_SF40_A,EMOBON_Italy_Ha_13,DBN_AADC
EMOBON00641,ARMS_RAVH1_20220428-20220718_MF100_A,EMOBON_Italy_Ha_14,DBN_AADD
EMOBON00642,ARMS_RAVH1_20220428-20220718_MF500_A,EMOBON_Italy_Ha_15,DBN_AADE
EMOBON00643,ARMS_RAVH2_20220428-20220718_SF40_A,EMOBON_Italy_Ha_13,DBN_AADF
EMOBON00644,ARMS_RAVH2_20220428-20220718_MF100_A,EMOBON_Italy_Ha_14,DBN_AADG
EMOBON00645,ARMS_RAVH2_20220428-20220718_MF500_A,EMOBON_Italy_Ha_15,DBN_AADH
EMOBON00646,ARMS_RAVH3_20220428-20220718_SF40_A,EMOBON_Italy_Ha_16,DBN_AADI
EMOBON00647,ARMS_RAVH3_20220428-20220718_MF100_A,EMOBON_Italy_Ha_17,DBN_AADJ
EMOBON00648,ARMS_RAVH3_20220428-20220718_MF500_A,EMOBON_Italy_Ha_18,DBN_AADK
EMOBON00649,ARMS_RAVM1_20220428-20220718_SF40_A,EMOBON_Italy_Ha_19,DBN_AADL
EMOBON00650,ARMS_RAVM1_20220428-20220718_MF100_A,EMOBON_Italy_Ha_20,DBN_AADM
EMOBON00651,ARMS_RAVM1_20220428-20220718_MF500_A,EMOBON_Italy_Ha_21,DBN_AADN
EMOBON00652,ARMS_RAVM2_20220428-20220718_SF40_A,EMOBON_Italy_Ha_22,DBN_AADO
EMOBON00653,ARMS_RAVM2_20220428-20220718_MF100_A,EMOBON_Italy_Ha_23,DBN_AADP
EMOBON00654,ARMS_RAVM2_20220428-20220718_MF500_A,EMOBON_Italy_Ha_24,DBN_AADQ
EMOBON00655,ARMS_RAVM3_20220428-20220718_SF40_A,EMOBON_Italy_Ha_25,DBN_AADR
EMOBON00656,ARMS_RAVM3_20220428-20220718_MF100_A,EMOBON_Italy_Ha_26,DBN_AADS
EMOBON00657,ARMS_RAVM3_20220428-20220718_MF500_A,EMOBON_Italy_Ha_27,DBN_AADT
EMOBON00658,EMOBON_ROSKOGO_So_210923_macro_2,EMOBON_ROSKOGO_So_7,DBK_AABE
EMOBON00659,EMOBON_ROSKOGO_So_220301_macro_1,EMOBON_ROSKOGO_So_21,DBK_AABF
EMOBON00660,EMOBON_ROSKOGO_So_220301_macro_2,EMOBON_ROSKOGO_So_22,DBK_AABG
EMOBON00661,Roscoff_BasBIo_S1_200529-210518_MF100,EMOBON_Roskogo_Ha_1,DBN_AADU
EMOBON00662,Roscoff_BasBIo_S1_200529-210518_MF500,EMOBON_Roskogo_Ha_2,DBN_AADV
EMOBON00663,Roscoff_BasBIo_S1_200529-210518_SFA,EMOBON_Roskogo_Ha_3,DBN_AADW
EMOBON00664,Roscoff_BasBIo_S2_200529-210519_MF100,EMOBON_Roskogo_Ha_4,DBN_AADX
EMOBON00665,Roscoff_BasBIo_S2_200529-210519_MF500,EMOBON_Roskogo_Ha_5,DBN_AADY
EMOBON00666,Roscoff_BasBIo_S2_200529-210519_SFA,EMOBON_Roskogo_Ha_6,DBN_AADZ
EMOBON00667,Roscoff_BasBIo_S3_200529-210519_MF100,EMOBON_Roskogo_Ha_7,DBN_AAEA
EMOBON00668,Roscoff_BasBIo_S3_200529-210519_MF500,EMOBON_Roskogo_Ha_8,DBN_AAEB
EMOBON00669,Roscoff_BasBIo_S3_200529-210519_SFA,EMOBON_Roskogo_Ha_9,DBN_AAEC
EMOBON00670,Roscoff_MarBIo_S1_210621-211011_MF100,EMOBON_Roskogo_Ha_10,DBN_AAED
EMOBON00671,Roscoff_MarBIo_S1_210621-211011_MF500,EMOBON_Roskogo_Ha_11,DBN_AAEE
EMOBON00672,Roscoff_MarBIo_S1_210621-211011_SFA,EMOBON_Roskogo_Ha_12,DBN_AAEF
EMOBON00673,Roscoff_MarBIo_S2_210621-211012_MF100,EMOBON_Roskogo_Ha_13,DBN_AAEG
EMOBON00674,Roscoff_MarBIo_S2_210621-211012_MF500,EMOBON_Roskogo_Ha_14,DBN_AAEH
EMOBON00675,Roscoff_MarBIo_S2_210621-211012_SFA,EMOBON_Roskogo_Ha_15,DBN_AAEI
EMOBON00676,Roscoff_MarBIo_S3_210621-211013_MF100,EMOBON_Roskogo_Ha_16,DBN_AAEJ
EMOBON00677,Roscoff_MarBIo_S3_210621-211013_MF500,EMOBON_Roskogo_Ha_17,DBN_AAEK
EMOBON00678,Roscoff_MarBIo_S3_210621-211013_SFA,EMOBON_Roskogo_Ha_18,DBN_AAEL
EMOBON00679,Roscoff_BasBIo_S1_20210519-20220509_MF100,EMOBON_Roskogo_Ha_19,DBN_AAEM
EMOBON00680,Roscoff_BasBIo_S1_20210519-20220509_MF500,EMOBON_Roskogo_Ha_20,DBN_AAEN
EMOBON00681,Roscoff_BasBIo_S1_20210519-20220509_SFA,EMOBON_Roskogo_Ha_21,DBN_AAEO
EMOBON00682,Roscoff_BasBIo_S2_20210519-20220512_MF100,EMOBON_Roskogo_Ha_22,DBN_AAEP
EMOBON00683,Roscoff_BasBIo_S2_20210519-20220512_MF500,EMOBON_Roskogo_Ha_23,DBN_AAEQ
EMOBON00684,Roscoff_BasBIo_S2_20210519-20220512_SFA,EMOBON_Roskogo_Ha_24,DBN_AAER
EMOBON00685,Roscoff_BasBIo_S3_20210519-20220512_MF100,EMOBON_Roskogo_Ha_25,DBN_AAES
EMOBON00686,Roscoff_BasBIo_S3_20210519-20220512_MF500,EMOBON_Roskogo_Ha_26,DBN_AAET
EMOBON00687,Roscoff_BasBIo_S3_20210519-20220512_SFA,EMOBON_Roskogo_Ha_27,DBN_AAEU
EMOBON00688,Roscoff_MarBIo_S1_220607-220907_MF500,EMOBON_Roskogo_Ha_29,DBN_AAEV
EMOBON00689,Roscoff_MarBIo_S1_220607-220907_SFA,EMOBON_Roskogo_Ha_30,DBN_AAEW
EMOBON00690,Roscoff_MarBIo_S2_220607-220907_MF100,EMOBON_Roskogo_Ha_31,DBN_AAEX
EMOBON00691,Roscoff_MarBIo_S2_220607-220907_MF500,EMOBON_Roskogo_Ha_32,DBN_AAEY
EMOBON00692,Roscoff_MarBIo_S2_220607-220907_SFA,EMOBON_Roskogo_Ha_33,DBN_AAEZ
EMOBON00693,Roscoff_MarBIo_S3_220607-220907_MF100,EMOBON_Roskogo_Ha_34,DBN_AAFA
EMOBON00694,Roscoff_MarBIo_S3_220607-220907_MF500,EMOBON_Roskogo_Ha_35,DBN_AAFB
EMOBON00695,Roscoff_MarBIo_S3_220607-220907_SFA,EMOBON_Roskogo_Ha_36,DBN_AAFC
EMOBON00696,EMO BON PiEGetxo Ha 210729-211124 MF 05 1.1,EMOBON_PiEGetxo_Ha_1,DBN_AAFD
EMOBON00697,EMO BON PiEGetxo Ha 210729-211124 MF 01 1.1,EMOBON_PiEGetxo_Ha_2,DBN_AAFE
EMOBON00698,EMO BON PiEGetxo Ha 210729-211124 SF 1.1 ,EMOBON_PiEGetxo_Ha_3,DBN_AAFF
EMOBON00699,EMO BON PiEGetxo Ha 210729-211124 MF 05 1.2,EMOBON_PiEGetxo_Ha_4,DBN_AAFG
EMOBON00700,EMO BON PiEGetxo Ha 210729-211124 MF 01 1.2,EMOBON_PiEGetxo_Ha_5,DBN_AAFH
EMOBON00701,EMO BON PiEGetxo Ha 210729-211124 SF 1.2,EMOBON_PiEGetxo_Ha_6,DBN_AAFI
EMOBON00702,EMO BON PiEGetxo Ha 210729-211124 MF 0.5 2.1,EMOBON_PiEGetxo_Ha_7,DBN_AAFJ
EMOBON00703,EMO BON PiEGetxo Ha 210729-211124 MF 01 2.1,EMOBON_PiEGetxo_Ha_8,DBN_AAFK
EMOBON00704,EMO BON PiEGetxo Ha 210729-211124 SF 2.1,EMOBON_PiEGetxo_Ha_9,DBN_AAFL
EMOBON00705,EMO BON PiEGetxo Ha 210729-211124 MF 0.5 2.2,EMOBON_PiEGetxo_Ha_10,DBN_AAFM
EMOBON00706,EMO BON PiEGetxo Ha 210729-211124 MF 01 2.2 ,EMOBON_PiEGetxo_Ha_11,DBN_AAFN
EMOBON00707,EMO BON PiEGetxo Ha 210729-211124 SF 2.2,EMOBON_PiEGetxo_Ha_12,DBN_AAFO
EMOBON00708,EMO BON PiEGetxo Ha 210729-211124 Blank ,EMOBON_PiEGetxo_Ha_13,DBN_AAFP
EMOBON00709,EMOBON_OOB_So_211015_macro_1,EMOBON_OOB_So_21,DBK_AABH
EMOBON00710,EMOBON_OOB_So_211015_macro_2,EMOBON_OOB_So_22,DBK_AABI
EMOBON00711,EMOBON_OOB_So_220429_macro_1,EMOBON_OOB_So_43,DBK_AABJ
EMOBON00712,EMOBON_OOB_So_220429_macro_2,EMOBON_OOB_So_44,DBK_AABK
EMOBON00713,ARMS6_Crete_1HERP_20200903_20210626 SF(1),EMOBON_HCMR-1_Ha_1,DBN_AAFQ
EMOBON00714,ARMS6_Crete_1HERP_20200903_20210626 SF(2),EMOBON_HCMR-1_Ha_2,DBN_AAFR
EMOBON00715,ARMS6_Crete_1HERP_20200903_20210626 MF 500um,EMOBON_HCMR-1_Ha_3,DBN_AAFS
EMOBON00716,ARMS6_Crete_1HERP_20200903_20210626 MF 90um,EMOBON_HCMR-1_Ha_4,DBN_AAFT
EMOBON00717,ARMS7_Crete_1HERP_20200903_20211012 SF(1) > 2mm,EMOBON_HCMR-1_Ha_5,DBN_AAFU
EMOBON00718,ARMS7_Crete_1HERP_20200903_20211012 SF(2),EMOBON_HCMR-1_Ha_6,DBN_AAFV
EMOBON00719,ARMS7_Crete_1HERP_20200903_20211012 MF 500um,EMOBON_HCMR-1_Ha_7,DBN_AAFW
EMOBON00720,ARMS7_Crete_1HERP_20200903_20211012 MF 90um,EMOBON_HCMR-1_Ha_8,DBN_AAFX
EMOBON00721,ARMS_Crete_2UBPC_20201120_20220901 SF(1),EMOBON_HCMR-1_Ha_9,DBN_AAFY
EMOBON00722,ARMS_Crete_2UBPC_20201120_20220901 SF(2),EMOBON_HCMR-1_Ha_10,DBN_AAFZ
EMOBON00723,ARMS_Crete_2UBPC_20201120_20220901 MF 500um,EMOBON_HCMR-1_Ha_11,DBN_AAGA
EMOBON00724,ARMS_Crete_2UBPC_20201120_20220901 MF 90um,EMOBON_HCMR-1_Ha_12,DBN_AAGB
EMOBON00725,EMOBON_Koster_VH1_Ha_210608_220608_SF40_(1),EMOBON_Koster_Ha_1,DBN_AAGC
EMOBON00726,EMOBON_Koster_VH1_Ha_210608_220608_SF40_(2),EMOBON_Koster_Ha_2,DBN_AAGD
EMOBON00727,EMOBON_Koster_VH1_Ha_210608_220608_MF100_(1),EMOBON_Koster_Ha_5,DBN_AAGE
EMOBON00728,EMOBON_Koster_VH1_Ha_210608_220608_MF100_(2),EMOBON_Koster_Ha_6,DBN_AAGF
EMOBON00729,EMOBON_Koster_VH1_Ha_210608_220608_MF500_(1),EMOBON_Koster_Ha_9,DBN_AAGG
EMOBON00730,EMOBON_Koster_VH1_Ha_210608_220608_MF500_(2),EMOBON_Koster_Ha_10,DBN_AAGH
EMOBON00731,EMOBON_Koster_VH1_Ha_210608_220608_(blank),EMOBON_Koster_Ha_13,DBN_AAGI
EMOBON00732,EMOBON_Koster_VH3_Ha_210608_220609_SF40_(1),EMOBON_Koster_Ha_15,DBN_AAGJ
EMOBON00733,EMOBON_Koster_VH3_Ha_210608_220609_SF40_(2),EMOBON_Koster_Ha_16,DBN_AAGK
EMOBON00734,EMOBON_Koster_VH3_Ha_210608_220609_MF100_(1),EMOBON_Koster_Ha_19,DBN_AAGL
EMOBON00735,EMOBON_Koster_VH3_Ha_210608_220609_MF100_(2),EMOBON_Koster_Ha_20,DBN_AAGM
EMOBON00736,EMOBON_Koster_VH3_Ha_210608_220609_MF500_(1),EMOBON_Koster_Ha_23,DBN_AAGN
EMOBON00737,EMOBON_Koster_VH3_Ha_210608_220609_MF500_(2),EMOBON_Koster_Ha_24,DBN_AAGO
EMOBON00738,EMOBON_Koster_VH3_Ha_210608_220609_(blank),EMOBON_Koster_Ha_27,DBN_AAGP
EMOBON00739,ARMS_GALWAY_GURR1_210720-220906_SF40_A,EMOBON_GURR_Ha_1,DBN_AAGQ
EMOBON00740,ARMS_GALWAY_GURR1_210720-220906_MF100_A,EMOBON_GURR_Ha_2,DBN_AAGR
EMOBON00741,ARMS_GALWAY_GURR1_210720-220906_MF500_A,EMOBON_GURR_Ha_3,DBN_AAGS
EMOBON00742,ARMS_GALWAY_GURR2_210720-220907_SF40_A,EMOBON_GURR_Ha_4,DBN_AAGT
EMOBON00743,ARMS_GALWAY_GURR2_210720-220907_MF100_A,EMOBON_GURR_Ha_5,DBN_AAGU
EMOBON00744,ARMS_GALWAY_GURR2_210720-220907_MF500_A,EMOBON_GURR_Ha_6,DBN_AAGV
EMOBON00745,ARMS_GALWAY_GURR3_210720-220907_SF40_A,EMOBON_GURR_Ha_7,DBN_AAGW
EMOBON00746,ARMS_GALWAY_GURR3_210720-220907_MF100_A,EMOBON_GURR_Ha_8,DBN_AAGX
EMOBON00747,ARMS_GALWAY_GURR3_210720-220907_MF500_A,EMOBON_GURR_Ha_9,DBN_AAGY
EMOBON00748,ARMS_Svalbard_S1A_200805_220729_MF100_DMSO_R1,EMOBON_Svalbard_Ha_28,DBN_AAGZ
EMOBON00749,ARMS_Svalbard_S1A_200805_220729_MF500_DMSO_R1,EMOBON_Svalbard_Ha_29,DBN_AAHA
EMOBON00750,ARMS_Svalbard_S1A_200805_220729_SF40_DMSO_R1,EMOBON_Svalbard_Ha_30,DBN_AAHB
EMOBON00751,ARMS_Svalbard_S1B_200806_220731_MF100_DMSO_R1,EMOBON_Svalbard_Ha_31,DBN_AAHC
EMOBON00752,ARMS_Svalbard_S1B_200806_220731_MF500_DMSO_R1,EMOBON_Svalbard_Ha_32,DBN_AAHD
EMOBON00753,ARMS_Svalbard_S1B_200806_220731_SF40_DMSO_R1,EMOBON_Svalbard_Ha_33,DBN_AAHE
EMOBON00754,ARMS_Svalbard_S1C_200806_220803_MF100_DMSO_R1,EMOBON_Svalbard_Ha_34,DBN_AAHF
EMOBON00755,ARMS_Svalbard_S1C_200806_220803_MF500_DMSO_R1,EMOBON_Svalbard_Ha_35,DBN_AAHG
EMOBON00756,ARMS_Svalbard_S1C_200806_220803_SF40_DMSO_R1,EMOBON_Svalbard_Ha_36,DBN_AAHH
EMOBON00757,ARMS_SouthCove_20190829_20220221_SF_R1,EMOBON_Svalbard_Ha_37,DBN_AAHI
EMOBON00758,ARMS_SouthCove_20190829_20220221_SF_R2,EMOBON_BAS_Ha_2,DBN_AAHJ
EMOBON00759,ARMS_Cheshire_20191210_20220221_SF_R1,EMOBON_BAS_Ha_3,DBN_AAHK
EMOBON00760,ARMS_Cheshire_20191210_20220221_SF_R2,EMOBON_BAS_Ha_4,DBN_AAHL
EMOBON00761,LukaKP_A1_27.10.2021-28.02.2022_S_1mm_0.5mm,EMOBON_Piran_Ha_1,DBN_AAHM
EMOBON00762,LukaKP_A1_27.10.2021-28.02.2022_S_0.1mm_0.038mm,EMOBON_Piran_Ha_2,DBN_AAHN
EMOBON00763,LukaKP_A1_27.10.2021-28.02.2022_M,EMOBON_Piran_Ha_3,DBN_AAHO
EMOBON00764,LukaKP_A1_28.02.2022_20.06.2022_S_1mm,EMOBON_Piran_Ha_4,DBN_AAHP
EMOBON00765,LukaKP_A1_28.02.2022_20.06.2022_S_0.5mm_0.038mm,EMOBON_Piran_Ha_5,DBN_AAHQ
EMOBON00766,LukaKP_A1_28.02.2022_20.06.2022_M_1mm,EMOBON_Piran_Ha_6,DBN_AAHR
EMOBON00767,LukaKP_A1_28.02.2022_20.06.2022_M_0.5mm_0.038mm,EMOBON_Piran_Ha_7,DBN_AAHS
EMOBON00768,BojaVida_A1_28.07.2021-16.08.2022_S_1mm,EMOBON_Piran_Ha_8,DBN_AAHT
EMOBON00769,BojaVida_A1_28.07.2021-16.08.2022_S_0.5mm,EMOBON_Piran_Ha_9,DBN_AAHU
EMOBON00770,BojaVida_A1_28.07.2021-16.08.2022_S_0.038mm,EMOBON_Piran_Ha_10,DBN_AAHV
EMOBON00771,BojaVida_A1_28.07.2021-16.08.2022_M_1mm,EMOBON_Piran_Ha_11,DBN_AAHW
EMOBON00772,BojaVida_A1_28.07.2021-16.08.2022_M_0.5mm_0.038mm,EMOBON_Piran_Ha_12,DBN_AAHX
EMOBON00773,LukaKP_A1_20.06.2022-10.10.2022_S_1mm,EMOBON_Piran_Ha_13,DBN_AAHY
EMOBON00774,LukaKP_A1_20.06.2022-10.10.2022_S_0.5mm_0.038mm,EMOBON_Piran_Ha_14,DBN_AAHZ
EMOBON00775,LukaKP_A1_20.06.2022-10.10.2022_M_1mm,EMOBON_Piran_Ha_15,DBN_AAIA
EMOBON00776,LukaKP_A1_20.06.2022-10.10.2022_M_0.5mm_0.038mm,EMOBON_Piran_Ha_16,DBN_AAIB
EMOBON00777,LukaKP_And1_20.06.2022-10.10.2022_S_1mm,EMOBON_Piran_Ha_17,DBN_AAIC
EMOBON00778,LukaKP_And1_20.06.2022-10.10.2022_S_0.5mm,EMOBON_Piran_Ha_18,DBN_AAID
EMOBON00779,LukaKP_And1_20.06.2022-10.10.2022_S_0.038mm,EMOBON_Piran_Ha_19,DBN_AAIE
EMOBON00780,LukaKP_And1_20.06.2022-10.10.2022_M_1mm,EMOBON_Piran_Ha_20,DBN_AAIF
EMOBON00781,LukaKP_And1_20.06.2022-10.10.2022_M_0.5mm_0.038mm,EMOBON_Piran_Ha_21,DBN_AAIG
EMOBON00782,ARMS_Gdynia_GDY_20200610_20211222_MF500_DMSO,EMOBON_Gdynia_Ha_1,DBN_AAIH
EMOBON00783,ARMS_Gdynia_GDY_20200610_20211222_MF100_DMSO,EMOBON_Gdynia_Ha_2,DBN_AAII
EMOBON00784,ARMS_Gdynia_GDY_20200610_20211222_SF40_DMSO,EMOBON_Gdynia_Ha_3,DBN_AAIJ
EMOBON00785,ARMS_Gdynia_GDY_20200610_20211222_SF40_DMSO_A,EMOBON_Gdynia_Ha_4,DBN_AAIK
EMOBON00786,ARMS_TZS_SPIK_210607-211122_PSF40_DMSO_A,EMOBON_TZS_Ha_1,DBN_AAIL
EMOBON00787,ARMS_TZS_SPIK_210607-211122_PSF40_DMSO_B,EMOBON_TZS_Ha_2,DBN_AAIM
EMOBON00788,ARMS_TZS_SPIK_210607-211122_MF500_DMSO,EMOBON_TZS_Ha_3,DBN_AAIN
EMOBON00789,ARMS_TZS_SPIK_210607-211122_MF100_DMSO,EMOBON_TZS_Ha_4,DBN_AAIO
EMOBON00790,ARMS_TZS_KUMM_210608-211122_PSF_DMSO,EMOBON_TZS_Ha_5,DBN_AAIP
EMOBON00791,ARMS_TZS_KUMM_210608-211122_MF100_DMSO,EMOBON_TZS_Ha_6,DBN_AAIQ
EMOBON00792,ARMS_TZS_KUMM_210608-211122_MF500_DMSO,EMOBON_TZS_Ha_7,DBN_AAIR
EMOBON00793,ARMS_TZS_ANG_210608-211124_PSF40_DMSO_A,EMOBON_TZS_Ha_8,DBN_AAIS
EMOBON00794,ARMS_TZS_ANG_210608-211124_PSF40_DMSO_B,EMOBON_TZS_Ha_9,DBN_AAIT
EMOBON00796,ARMS_TZS_ANG_210608-211124_MF100_DMSO_A,EMOBON_TZS_Ha_11,DBN_AAIU
EMOBON00797,ARMS_TZS_ANG_210608-211124_MF100_DMSO_B,EMOBON_TZS_Ha_12,DBN_AAIV
EMOBON00798,ARMS_TZS_ANG_210608-211124_MF500_DMSO_A,EMOBON_TZS_Ha_13,DBN_AAIW
EMOBON00799,ARMS_TZS_ANG_210608-211124_MF500_DMSO_B,EMOBON_TZS_Ha_14,DBN_AAIX
EMOBON00800,ARMS_TZS_KUMM_210609_220622_SF40_ETOH_A,EMOBON_TZS_Ha_15,DBN_AAIY
EMOBON00801,ARMS_TZS_KUMM_210609_220622_MF100_ETOH,EMOBON_TZS_Ha_16,DBN_AAIZ
EMOBON00802,ARMS_TZS_KUMM_210609_220622_MF500_ETOH,EMOBON_TZS_Ha_17,DBN_AAJA
EMOBON00803,ARMS_TZS_ANG_210609_300622_SF40_ETOH_A,EMOBON_TZS_Ha_18,DBN_AAJB
EMOBON00804,ARMS_TZS_ANG_210609_300622_SF40_ETOH_B,EMOBON_TZS_Ha_19,DBN_AAJC
EMOBON00805,ARMS_TZS_ANG_210609_300622_MF100_ETOH_A,EMOBON_TZS_Ha_20,DBN_AAJD
EMOBON00806,ARMS_TZS_ANG_210609_300622_MF100_ETOH_B,EMOBON_TZS_Ha_21,DBN_AAJE
EMOBON00807,ARMS_TZS_ANG_210609_300622_MF500_ETOH_A,EMOBON_TZS_Ha_22,DBN_AAJF
EMOBON00808,ARMS_Laesoe1_210819-220815_MF100_A,EMOBON_Denmark_Ha_1,DBN_AAJG
EMOBON00809,ARMS_Laesoe1_210819-220815_MF500_A,EMOBON_Denmark_Ha_2,DBN_AAJH
EMOBON00810,ARMS_Laesoe1_210819-220815_SF40_A,EMOBON_Denmark_Ha_3,DBN_AAJI
EMOBON00811,ARMS_Laesoe2_210819-220815_MF100_A,EMOBON_Denmark_Ha_4,DBN_AAJJ
EMOBON00812,ARMS_Laesoe2_210819-220815_MF500_A,EMOBON_Denmark_Ha_5,DBN_AAJK
EMOBON00813,ARMS_Laesoe2_210819-220815_SF40_A,EMOBON_Denmark_Ha_6,DBN_AAJL
EMOBON00814,ARMS_Bodo_GStraM_SF50,EMOBON_Bodo_Ha_1,DBN_AAJM
EMOBON00815,ARMS_Bodo_GStraM_MF125,EMOBON_Bodo_Ha_5,DBN_AAJN
EMOBON00816,ARMS_Bodo_GStraM_MF500,EMOBON_Bodo_Ha_6,DBN_AAJO
EMOBON00817,ARMS_Bodo_GStraB_SF50,EMOBON_Bodo_Ha_4,DBN_AAJP
EMOBON00818,ARMS_Bodo_GStraB_MF125,EMOBON_Bodo_Ha_2,DBN_AAJQ
EMOBON00819,ARMS_Bodo_GStraB_MF500,EMOBON_Bodo_Ha_3,DBN_AAJR

