Checklist	ERC000025:1.6	GSC MIxS miscellaneous natural or artificial environment
tax_id	scientific_name	sample_alias	sample_title	sample_description	project name	collection date	geographic location (latitude)	geographic location (longitude)	broad-scale environmental context	local environmental context	environmental medium	geographic location (country and/or sea)	samples_alias_orig	dna concentration	pcr_blank_1	pcr_blank_2	library reads sequenced	run	resequencing	resequencing_reason	quality_assessment	target gene	target subfragment	source_mat_id_orig	source material identifiers	source_mat_id_an	mock_pr	mock_eu	url_seq	relevant standard operating procedures	extraction_blank	ampl_size	pcr primers	pcr conditions	sequence_quality_check	sequencing method	library_source	lib_layout	nucleic acid extraction	nucleic acid amplification	deployment_date	sampling_event	crate_cover	preservative	sample collection device	depth	replicate	samp_fraction	size_filter	sample material processing	arms_unit_id	sequence_batch	obs_id	samp_site	geographic location (ocean)	geographic location (region and locality)	geographic location (locality)	total depth of water column	ha_id	status	sequence_batch_rundate
#units							DD	DD						ng/ul																		bp														m			um									m											
256318	metagenome	EMOBON040413_18S	ARMS_TZS_ANG1_220622-221122_SF40_ETOH_(1)	EMOBON metagenome  sample from station TZS_STOR. ARMS deployed on 2022-06-22 collected on 2022-11-22. Size fraction SF40um	EMOBON	2022-11-22	59.841505	23.248879	marine benthic biome [ENVO_01000024]; harbor [ENVO:00000463]; marine subtidal rocky reef biome [ENVO:01000050]	sandy sediment [ENVO:01000118]	blended biomass derived from sessile communities colonising an autonomous reef monitoring structure [ENVO:01001863]	Finland	EMOBON040413	10.13	CEB_DKN	CEB_DKO	4715907	240910_JARVIS_HGH7NDRX5	No		Pass	18S rRNA	V1-V2	ARMS_TZS_ANG1_220622-221122_SF40_ETOH_(1)	EMOBON_TZS_Ha_23	EMOBON_TZS_Ha_23_metab18SV1V2					CDW_AAJQ	350	GCTTGTCTCAAAGATTAAGCC; CCTGCTGCCTTCCTTRGA		basic Genoscope QC	Illumina NovaSeq 6000	METAGENOMIC	PAIRED	Quick-DNA Fecal/soil		2022-06-22	TZS_Angbat_Ha_220622_221122	Yes	ETOH	autonomous reef monitoring structure [ENVO:01001855]	4	1	SF	40	ARMS Handbook v3.0	ANG1	Batch4	TZS_STOR	Ang	Baltic Sea	Finnish part of the Baltic Sea	Tammisaaren Ja Hangon Saariston Ja Pohjanpitäjänlahden Merensuojelualue	4	TZS Ha	sample	Batch4_240910
256318	metagenome	EMOBON040414_18S	ARMS_TZS_ANG1_220622-221122_MF100_ETOH_(1)	EMOBON metagenome  sample from station TZS_STOR. ARMS deployed on 2022-06-22 collected on 2022-11-22. Size fraction MF100um	EMOBON	2022-11-22	59.841505	23.248879	marine benthic biome [ENVO_01000024]; harbor [ENVO:00000463]; marine subtidal rocky reef biome [ENVO:01000050]	sandy sediment [ENVO:01000118]	biomass derived from sieving motile communities present in the retrieval tub of an autonomous reef monitoring structure through a 100 micrometre mesh [ENVO:01001900]	Finland	EMOBON040414	24.8	CEB_DKZ	CEB_DLA	12829486	240910_JARVIS_HGH7NDRX5	No		Pass	18S rRNA	V1-V2	ARMS_TZS_ANG1_220622-221122_MF100_ETOH_(1)	EMOBON_TZS_Ha_24	EMOBON_TZS_Ha_24_metab18SV1V2					CDW_AAJQ	350	GCTTGTCTCAAAGATTAAGCC; CCTGCTGCCTTCCTTRGA		basic Genoscope QC	Illumina NovaSeq 6000	METAGENOMIC	PAIRED	Quick-DNA Fecal/soil		2022-06-22	TZS_Angbat_Ha_220622_221122	Yes	ETOH	autonomous reef monitoring structure [ENVO:01001855]	4	1	MF	100	ARMS Handbook v3.0	ANG1	Batch4	TZS_STOR	Ang	Baltic Sea	Finnish part of the Baltic Sea	Tammisaaren Ja Hangon Saariston Ja Pohjanpitäjänlahden Merensuojelualue	4	TZS Ha	sample	Batch4_240910
256318	metagenome	EMOBON040415_18S	ARMS_TZS_ANG1_220622-221122_MF500_ETOH	EMOBON metagenome  sample from station TZS_STOR. ARMS deployed on 2022-06-22 collected on 2022-11-22. Size fraction MF500um	EMOBON	2022-11-22	59.841505	23.248879	marine benthic biome [ENVO_01000024]; harbor [ENVO:00000463]; marine subtidal rocky reef biome [ENVO:01000050]	sandy sediment [ENVO:01000118]	biomass derived from sieving motile communities present in the retrieval tub of an autonomous reef monitoring structure through a 500 micrometre mesh [ENVO:01001901]	Finland	EMOBON040415	48.1	CEB_DMN	CEB_DMO	6928493	241031_JARVIS_HJ5N5DRX5	No		Pass	18S rRNA	V1-V2	ARMS_TZS_ANG1_220622-221122_MF500_ETOH	EMOBON_TZS_Ha_25	EMOBON_TZS_Ha_25_metab18SV1V2					CDW_AAJQ	350	GCTTGTCTCAAAGATTAAGCC; CCTGCTGCCTTCCTTRGA		basic Genoscope QC	Illumina NovaSeq 6000	METAGENOMIC	PAIRED	Quick-DNA Fecal/soil		2022-06-22	TZS_Angbat_Ha_220622_221122	Yes	ETOH	autonomous reef monitoring structure [ENVO:01001855]	4	1	MF	500	ARMS Handbook v3.0	ANG1	Batch4	TZS_STOR	Ang	Baltic Sea	Finnish part of the Baltic Sea	Tammisaaren Ja Hangon Saariston Ja Pohjanpitäjänlahden Merensuojelualue	4	TZS Ha	sample	Batch4_241031
256318	metagenome	EMOBON040416_18S	ARMS_TZS_ANG2_220622-221123_SF40_ETOH_(1)	EMOBON metagenome  sample from station TZS_STOR. ARMS deployed on 2022-06-22 collected on 2022-11-23. Size fraction SF40um	EMOBON	2022-11-23	59.841505	23.248879	marine benthic biome [ENVO_01000024]; harbor [ENVO:00000463]; marine subtidal rocky reef biome [ENVO:01000050]	sandy sediment [ENVO:01000118]	blended biomass derived from sessile communities colonising an autonomous reef monitoring structure [ENVO:01001863]	Finland	EMOBON040416	9.05	CEB_DKN	CEB_DKO	2406311	241031_JARVIS_HJ5N5DRX5	No		Pass	18S rRNA	V1-V2	ARMS_TZS_ANG2_220622-221123_SF40_ETOH_(1)	EMOBON_TZS_Ha_26	EMOBON_TZS_Ha_26_metab18SV1V2					CDW_AAJQ	350	GCTTGTCTCAAAGATTAAGCC; CCTGCTGCCTTCCTTRGA		basic Genoscope QC	Illumina NovaSeq 6000	METAGENOMIC	PAIRED	Quick-DNA Fecal/soil		2022-06-22	TZS_Angbat_Ha_220622_221123	Yes	ETOH	autonomous reef monitoring structure [ENVO:01001855]	4	1	SF	40	ARMS Handbook v3.0	ANG2	Batch4	TZS_STOR	Ang	Baltic Sea	Finnish part of the Baltic Sea	Tammisaaren Ja Hangon Saariston Ja Pohjanpitäjänlahden Merensuojelualue	4	TZS Ha	sample	Batch4_241031
256318	metagenome	EMOBON040417_18S	ARMS_TZS_ANG2_220622-221123_MF100_ETOH_(1)	EMOBON metagenome  sample from station TZS_STOR. ARMS deployed on 2022-06-22 collected on 2022-11-23. Size fraction MF100um	EMOBON	2022-11-23	59.841505	23.248879	marine benthic biome [ENVO_01000024]; harbor [ENVO:00000463]; marine subtidal rocky reef biome [ENVO:01000050]	sandy sediment [ENVO:01000118]	biomass derived from sieving motile communities present in the retrieval tub of an autonomous reef monitoring structure through a 100 micrometre mesh [ENVO:01001900]	Finland	EMOBON040417	56	CEB_DKN	CEB_DKO	2581222	241031_JARVIS_HJ5N5DRX5	No		Pass	18S rRNA	V1-V2	ARMS_TZS_ANG2_220622-221123_MF100_ETOH_(1)	EMOBON_TZS_Ha_27	EMOBON_TZS_Ha_27_metab18SV1V2					CDW_AAJQ	350	GCTTGTCTCAAAGATTAAGCC; CCTGCTGCCTTCCTTRGA		basic Genoscope QC	Illumina NovaSeq 6000	METAGENOMIC	PAIRED	Quick-DNA Fecal/soil		2022-06-22	TZS_Angbat_Ha_220622_221123	Yes	ETOH	autonomous reef monitoring structure [ENVO:01001855]	4	1	MF	100	ARMS Handbook v3.0	ANG2	Batch4	TZS_STOR	Ang	Baltic Sea	Finnish part of the Baltic Sea	Tammisaaren Ja Hangon Saariston Ja Pohjanpitäjänlahden Merensuojelualue	4	TZS Ha	sample	Batch4_241031
256318	metagenome	EMOBON040418_18S	ARMS_TZS_ANG2_220622-221122_MF500_ETOH	EMOBON metagenome  sample from station TZS_STOR. ARMS deployed on 2022-06-22 collected on 2022-11-22. Size fraction MF500um	EMOBON	2022-11-22	59.841505	23.248879	marine benthic biome [ENVO_01000024]; harbor [ENVO:00000463]; marine subtidal rocky reef biome [ENVO:01000050]	sandy sediment [ENVO:01000118]	biomass derived from sieving motile communities present in the retrieval tub of an autonomous reef monitoring structure through a 500 micrometre mesh [ENVO:01001901]	Finland	EMOBON040418	47.2	CEB_DKN	CEB_DKO	2450897	240910_JARVIS_HGH7NDRX5	No		Pass	18S rRNA	V1-V2	ARMS_TZS_ANG2_220622-221122_MF500_ETOH	EMOBON_TZS_Ha_28	EMOBON_TZS_Ha_28_metab18SV1V2					CDW_AAJQ	350	GCTTGTCTCAAAGATTAAGCC; CCTGCTGCCTTCCTTRGA		basic Genoscope QC	Illumina NovaSeq 6000	METAGENOMIC	PAIRED	Quick-DNA Fecal/soil		2022-06-22	TZS_Angbat_Ha_220622_221122	Yes	ETOH	autonomous reef monitoring structure [ENVO:01001855]	4	1	MF	500	ARMS Handbook v3.0	ANG2	Batch4	TZS_STOR	Ang	Baltic Sea	Finnish part of the Baltic Sea	Tammisaaren Ja Hangon Saariston Ja Pohjanpitäjänlahden Merensuojelualue	4	TZS Ha	sample	Batch4_240910
256318	metagenome	EMOBON040419_18S	ARMS_TZS_ANG3_220622-221124_SF40_ETOH_(1)	EMOBON metagenome  sample from station TZS_STOR. ARMS deployed on 2022-06-22 collected on 2022-11-24. Size fraction SF40um	EMOBON	2022-11-24	59.841505	23.248879	marine benthic biome [ENVO_01000024]; harbor [ENVO:00000463]; marine subtidal rocky reef biome [ENVO:01000050]	sandy sediment [ENVO:01000118]	blended biomass derived from sessile communities colonising an autonomous reef monitoring structure [ENVO:01001863]	Finland	EMOBON040419	10.8	CEB_DKN	CEB_DKO	4116235	240910_JARVIS_HGH7NDRX5	No		Pass	18S rRNA	V1-V2	ARMS_TZS_ANG3_220622-221124_SF40_ETOH_(1)	EMOBON_TZS_Ha_29	EMOBON_TZS_Ha_29_metab18SV1V2					CDW_AAJQ	350	GCTTGTCTCAAAGATTAAGCC; CCTGCTGCCTTCCTTRGA		basic Genoscope QC	Illumina NovaSeq 6000	METAGENOMIC	PAIRED	Quick-DNA Fecal/soil		2022-06-22	TZS_Angbat_Ha_220622_221124	Yes	ETOH	autonomous reef monitoring structure [ENVO:01001855]	4	1	SF	40	ARMS Handbook v3.0	ANG3	Batch4	TZS_STOR	Ang	Baltic Sea	Finnish part of the Baltic Sea	Tammisaaren Ja Hangon Saariston Ja Pohjanpitäjänlahden Merensuojelualue	4	TZS Ha	sample	Batch4_240910
256318	metagenome	EMOBON040420_18S	ARMS_TZS_ANG3_220622-221124_MF100_ETOH_(1)	EMOBON metagenome  sample from station TZS_STOR. ARMS deployed on 2022-06-22 collected on 2022-11-24. Size fraction MF100um	EMOBON	2022-11-24	59.841505	23.248879	marine benthic biome [ENVO_01000024]; harbor [ENVO:00000463]; marine subtidal rocky reef biome [ENVO:01000050]	sandy sediment [ENVO:01000118]	biomass derived from sieving motile communities present in the retrieval tub of an autonomous reef monitoring structure through a 100 micrometre mesh [ENVO:01001900]	Finland	EMOBON040420	47.4	CEB_DKN	CEB_DKO	2659831	240910_JARVIS_HGH7NDRX5	No		Pass	18S rRNA	V1-V2	ARMS_TZS_ANG3_220622-221124_MF100_ETOH_(1)	EMOBON_TZS_Ha_30	EMOBON_TZS_Ha_30_metab18SV1V2					CDW_AAJQ	350	GCTTGTCTCAAAGATTAAGCC; CCTGCTGCCTTCCTTRGA		basic Genoscope QC	Illumina NovaSeq 6000	METAGENOMIC	PAIRED	Quick-DNA Fecal/soil		2022-06-22	TZS_Angbat_Ha_220622_221124	Yes	ETOH	autonomous reef monitoring structure [ENVO:01001855]	4	1	MF	100	ARMS Handbook v3.0	ANG3	Batch4	TZS_STOR	Ang	Baltic Sea	Finnish part of the Baltic Sea	Tammisaaren Ja Hangon Saariston Ja Pohjanpitäjänlahden Merensuojelualue	4	TZS Ha	sample	Batch4_240910
256318	metagenome	EMOBON040421_18S	ARMS_TZS_ANG3_220622-221124_MF500_ETOH	EMOBON metagenome  sample from station TZS_STOR. ARMS deployed on 2022-06-22 collected on 2022-11-24. Size fraction MF500um	EMOBON	2022-11-24	59.841505	23.248879	marine benthic biome [ENVO_01000024]; harbor [ENVO:00000463]; marine subtidal rocky reef biome [ENVO:01000050]	sandy sediment [ENVO:01000118]	biomass derived from sieving motile communities present in the retrieval tub of an autonomous reef monitoring structure through a 500 micrometre mesh [ENVO:01001901]	Finland	EMOBON040421	33.5	CEB_DKN	CEB_DKO	2900885	240910_JARVIS_HGH7NDRX5	No		Pass	18S rRNA	V1-V2	ARMS_TZS_ANG3_220622-221124_MF500_ETOH	EMOBON_TZS_Ha_31	EMOBON_TZS_Ha_31_metab18SV1V2					CDW_AAJQ	350	GCTTGTCTCAAAGATTAAGCC; CCTGCTGCCTTCCTTRGA		basic Genoscope QC	Illumina NovaSeq 6000	METAGENOMIC	PAIRED	Quick-DNA Fecal/soil		2022-06-22	TZS_Angbat_Ha_220622_221124	Yes	ETOH	autonomous reef monitoring structure [ENVO:01001855]	4	1	MF	500	ARMS Handbook v3.0	ANG3	Batch4	TZS_STOR	Ang	Baltic Sea	Finnish part of the Baltic Sea	Tammisaaren Ja Hangon Saariston Ja Pohjanpitäjänlahden Merensuojelualue	4	TZS Ha	sample	Batch4_240910
256318	metagenome	EMOBON040413_COI	ARMS_TZS_ANG1_220622-221122_SF40_ETOH_(1)	EMOBON metagenome  sample from station TZS_STOR. ARMS deployed on 2022-06-22 collected on 2022-11-22. Size fraction SF40um	EMOBON	2022-11-22	59.841505	23.248879	marine benthic biome [ENVO_01000024]; harbor [ENVO:00000463]; marine subtidal rocky reef biome [ENVO:01000050]	sandy sediment [ENVO:01000118]	blended biomass derived from sessile communities colonising an autonomous reef monitoring structure [ENVO:01001863]	Finland	EMOBON040413	10.13	CEB_DKR	CEB_DKS	3969893	240924_JARVIS_HJ2LFDRX5	No		Pass	COI		ARMS_TZS_ANG1_220622-221122_SF40_ETOH_(1)	EMOBON_TZS_Ha_23	EMOBON_TZS_Ha_23_metabCOI					CDW_AAJQ	310	GGWACWGGWTGAACWGTWTAYCCYCC; TAIACYTCIGGRTGICCRAARAAYCA		basic Genoscope QC	Illumina NovaSeq 6000	METAGENOMIC	PAIRED	Quick-DNA Fecal/soil		2022-06-22	TZS_Angbat_Ha_220622_221122	Yes	ETOH	autonomous reef monitoring structure [ENVO:01001855]	4	1	SF	40	ARMS Handbook v3.0	ANG1	Batch4	TZS_STOR	Ang	Baltic Sea	Finnish part of the Baltic Sea	Tammisaaren Ja Hangon Saariston Ja Pohjanpitäjänlahden Merensuojelualue	4	TZS Ha	sample	Batch4_240924
256318	metagenome	EMOBON040414_COI	ARMS_TZS_ANG1_220622-221122_MF100_ETOH_(1)	EMOBON metagenome  sample from station TZS_STOR. ARMS deployed on 2022-06-22 collected on 2022-11-22. Size fraction MF100um	EMOBON	2022-11-22	59.841505	23.248879	marine benthic biome [ENVO_01000024]; harbor [ENVO:00000463]; marine subtidal rocky reef biome [ENVO:01000050]	sandy sediment [ENVO:01000118]	biomass derived from sieving motile communities present in the retrieval tub of an autonomous reef monitoring structure through a 100 micrometre mesh [ENVO:01001900]	Finland	EMOBON040414	24.8	CEB_DKR	CEB_DKS	1155231	240924_JARVIS_HJ2LFDRX5	No		Pass	COI		ARMS_TZS_ANG1_220622-221122_MF100_ETOH_(1)	EMOBON_TZS_Ha_24	EMOBON_TZS_Ha_24_metabCOI					CDW_AAJQ	310	GGWACWGGWTGAACWGTWTAYCCYCC; TAIACYTCIGGRTGICCRAARAAYCA		basic Genoscope QC	Illumina NovaSeq 6000	METAGENOMIC	PAIRED	Quick-DNA Fecal/soil		2022-06-22	TZS_Angbat_Ha_220622_221122	Yes	ETOH	autonomous reef monitoring structure [ENVO:01001855]	4	1	MF	100	ARMS Handbook v3.0	ANG1	Batch4	TZS_STOR	Ang	Baltic Sea	Finnish part of the Baltic Sea	Tammisaaren Ja Hangon Saariston Ja Pohjanpitäjänlahden Merensuojelualue	4	TZS Ha	sample	Batch4_240924
256318	metagenome	EMOBON040415_COI	ARMS_TZS_ANG1_220622-221122_MF500_ETOH	EMOBON metagenome  sample from station TZS_STOR. ARMS deployed on 2022-06-22 collected on 2022-11-22. Size fraction MF500um	EMOBON	2022-11-22	59.841505	23.248879	marine benthic biome [ENVO_01000024]; harbor [ENVO:00000463]; marine subtidal rocky reef biome [ENVO:01000050]	sandy sediment [ENVO:01000118]	biomass derived from sieving motile communities present in the retrieval tub of an autonomous reef monitoring structure through a 500 micrometre mesh [ENVO:01001901]	Finland	EMOBON040415	48.1	CEB_DLF	CEB_DLG	5559837	240924_JARVIS_HJ2LFDRX5	No		Pass	COI		ARMS_TZS_ANG1_220622-221122_MF500_ETOH	EMOBON_TZS_Ha_25	EMOBON_TZS_Ha_25_metabCOI					CDW_AAJQ	310	GGWACWGGWTGAACWGTWTAYCCYCC; TAIACYTCIGGRTGICCRAARAAYCA		basic Genoscope QC	Illumina NovaSeq 6000	METAGENOMIC	PAIRED	Quick-DNA Fecal/soil		2022-06-22	TZS_Angbat_Ha_220622_221122	Yes	ETOH	autonomous reef monitoring structure [ENVO:01001855]	4	1	MF	500	ARMS Handbook v3.0	ANG1	Batch4	TZS_STOR	Ang	Baltic Sea	Finnish part of the Baltic Sea	Tammisaaren Ja Hangon Saariston Ja Pohjanpitäjänlahden Merensuojelualue	4	TZS Ha	sample	Batch4_240924
256318	metagenome	EMOBON040416_COI	ARMS_TZS_ANG2_220622-221123_SF40_ETOH_(1)	EMOBON metagenome  sample from station TZS_STOR. ARMS deployed on 2022-06-22 collected on 2022-11-23. Size fraction SF40um	EMOBON	2022-11-23	59.841505	23.248879	marine benthic biome [ENVO_01000024]; harbor [ENVO:00000463]; marine subtidal rocky reef biome [ENVO:01000050]	sandy sediment [ENVO:01000118]	blended biomass derived from sessile communities colonising an autonomous reef monitoring structure [ENVO:01001863]	Finland	EMOBON040416	9.05	CEB_DKR	CEB_DKS	1531484	240924_JARVIS_HJ2LFDRX5	No		Pass	COI		ARMS_TZS_ANG2_220622-221123_SF40_ETOH_(1)	EMOBON_TZS_Ha_26	EMOBON_TZS_Ha_26_metabCOI					CDW_AAJQ	310	GGWACWGGWTGAACWGTWTAYCCYCC; TAIACYTCIGGRTGICCRAARAAYCA		basic Genoscope QC	Illumina NovaSeq 6000	METAGENOMIC	PAIRED	Quick-DNA Fecal/soil		2022-06-22	TZS_Angbat_Ha_220622_221123	Yes	ETOH	autonomous reef monitoring structure [ENVO:01001855]	4	1	SF	40	ARMS Handbook v3.0	ANG2	Batch4	TZS_STOR	Ang	Baltic Sea	Finnish part of the Baltic Sea	Tammisaaren Ja Hangon Saariston Ja Pohjanpitäjänlahden Merensuojelualue	4	TZS Ha	sample	Batch4_240924
256318	metagenome	EMOBON040417_COI	ARMS_TZS_ANG2_220622-221123_MF100_ETOH_(1)	EMOBON metagenome  sample from station TZS_STOR. ARMS deployed on 2022-06-22 collected on 2022-11-23. Size fraction MF100um	EMOBON	2022-11-23	59.841505	23.248879	marine benthic biome [ENVO_01000024]; harbor [ENVO:00000463]; marine subtidal rocky reef biome [ENVO:01000050]	sandy sediment [ENVO:01000118]	biomass derived from sieving motile communities present in the retrieval tub of an autonomous reef monitoring structure through a 100 micrometre mesh [ENVO:01001900]	Finland	EMOBON040417	56	CEB_DKR	CEB_DKS	1978853	240924_JARVIS_HJ2LFDRX5	No		Pass	COI		ARMS_TZS_ANG2_220622-221123_MF100_ETOH_(1)	EMOBON_TZS_Ha_27	EMOBON_TZS_Ha_27_metabCOI					CDW_AAJQ	310	GGWACWGGWTGAACWGTWTAYCCYCC; TAIACYTCIGGRTGICCRAARAAYCA		basic Genoscope QC	Illumina NovaSeq 6000	METAGENOMIC	PAIRED	Quick-DNA Fecal/soil		2022-06-22	TZS_Angbat_Ha_220622_221123	Yes	ETOH	autonomous reef monitoring structure [ENVO:01001855]	4	1	MF	100	ARMS Handbook v3.0	ANG2	Batch4	TZS_STOR	Ang	Baltic Sea	Finnish part of the Baltic Sea	Tammisaaren Ja Hangon Saariston Ja Pohjanpitäjänlahden Merensuojelualue	4	TZS Ha	sample	Batch4_240924
256318	metagenome	EMOBON040418_COI	ARMS_TZS_ANG2_220622-221122_MF500_ETOH	EMOBON metagenome  sample from station TZS_STOR. ARMS deployed on 2022-06-22 collected on 2022-11-22. Size fraction MF500um	EMOBON	2022-11-22	59.841505	23.248879	marine benthic biome [ENVO_01000024]; harbor [ENVO:00000463]; marine subtidal rocky reef biome [ENVO:01000050]	sandy sediment [ENVO:01000118]	biomass derived from sieving motile communities present in the retrieval tub of an autonomous reef monitoring structure through a 500 micrometre mesh [ENVO:01001901]	Finland	EMOBON040418	47.2	CEB_DKR	CEB_DKS	1892488	240924_JARVIS_HJ2LFDRX5	No		Pass	COI		ARMS_TZS_ANG2_220622-221122_MF500_ETOH	EMOBON_TZS_Ha_28	EMOBON_TZS_Ha_28_metabCOI					CDW_AAJQ	310	GGWACWGGWTGAACWGTWTAYCCYCC; TAIACYTCIGGRTGICCRAARAAYCA		basic Genoscope QC	Illumina NovaSeq 6000	METAGENOMIC	PAIRED	Quick-DNA Fecal/soil		2022-06-22	TZS_Angbat_Ha_220622_221122	Yes	ETOH	autonomous reef monitoring structure [ENVO:01001855]	4	1	MF	500	ARMS Handbook v3.0	ANG2	Batch4	TZS_STOR	Ang	Baltic Sea	Finnish part of the Baltic Sea	Tammisaaren Ja Hangon Saariston Ja Pohjanpitäjänlahden Merensuojelualue	4	TZS Ha	sample	Batch4_240924
256318	metagenome	EMOBON040419_COI	ARMS_TZS_ANG3_220622-221124_SF40_ETOH_(1)	EMOBON metagenome  sample from station TZS_STOR. ARMS deployed on 2022-06-22 collected on 2022-11-24. Size fraction SF40um	EMOBON	2022-11-24	59.841505	23.248879	marine benthic biome [ENVO_01000024]; harbor [ENVO:00000463]; marine subtidal rocky reef biome [ENVO:01000050]	sandy sediment [ENVO:01000118]	blended biomass derived from sessile communities colonising an autonomous reef monitoring structure [ENVO:01001863]	Finland	EMOBON040419	10.8	CEB_DKR	CEB_DKS	1806672	240924_JARVIS_HJ2LFDRX5	No		Pass	COI		ARMS_TZS_ANG3_220622-221124_SF40_ETOH_(1)	EMOBON_TZS_Ha_29	EMOBON_TZS_Ha_29_metabCOI					CDW_AAJQ	310	GGWACWGGWTGAACWGTWTAYCCYCC; TAIACYTCIGGRTGICCRAARAAYCA		basic Genoscope QC	Illumina NovaSeq 6000	METAGENOMIC	PAIRED	Quick-DNA Fecal/soil		2022-06-22	TZS_Angbat_Ha_220622_221124	Yes	ETOH	autonomous reef monitoring structure [ENVO:01001855]	4	1	SF	40	ARMS Handbook v3.0	ANG3	Batch4	TZS_STOR	Ang	Baltic Sea	Finnish part of the Baltic Sea	Tammisaaren Ja Hangon Saariston Ja Pohjanpitäjänlahden Merensuojelualue	4	TZS Ha	sample	Batch4_240924
256318	metagenome	EMOBON040420_COI	ARMS_TZS_ANG3_220622-221124_MF100_ETOH_(1)	EMOBON metagenome  sample from station TZS_STOR. ARMS deployed on 2022-06-22 collected on 2022-11-24. Size fraction MF100um	EMOBON	2022-11-24	59.841505	23.248879	marine benthic biome [ENVO_01000024]; harbor [ENVO:00000463]; marine subtidal rocky reef biome [ENVO:01000050]	sandy sediment [ENVO:01000118]	biomass derived from sieving motile communities present in the retrieval tub of an autonomous reef monitoring structure through a 100 micrometre mesh [ENVO:01001900]	Finland	EMOBON040420	47.4	CEB_DKR	CEB_DKS	1521778	240924_JARVIS_HJ2LFDRX5	No		Pass	COI		ARMS_TZS_ANG3_220622-221124_MF100_ETOH_(1)	EMOBON_TZS_Ha_30	EMOBON_TZS_Ha_30_metabCOI					CDW_AAJQ	310	GGWACWGGWTGAACWGTWTAYCCYCC; TAIACYTCIGGRTGICCRAARAAYCA		basic Genoscope QC	Illumina NovaSeq 6000	METAGENOMIC	PAIRED	Quick-DNA Fecal/soil		2022-06-22	TZS_Angbat_Ha_220622_221124	Yes	ETOH	autonomous reef monitoring structure [ENVO:01001855]	4	1	MF	100	ARMS Handbook v3.0	ANG3	Batch4	TZS_STOR	Ang	Baltic Sea	Finnish part of the Baltic Sea	Tammisaaren Ja Hangon Saariston Ja Pohjanpitäjänlahden Merensuojelualue	4	TZS Ha	sample	Batch4_240924
256318	metagenome	EMOBON040421_COI	ARMS_TZS_ANG3_220622-221124_MF500_ETOH	EMOBON metagenome  sample from station TZS_STOR. ARMS deployed on 2022-06-22 collected on 2022-11-24. Size fraction MF500um	EMOBON	2022-11-24	59.841505	23.248879	marine benthic biome [ENVO_01000024]; harbor [ENVO:00000463]; marine subtidal rocky reef biome [ENVO:01000050]	sandy sediment [ENVO:01000118]	biomass derived from sieving motile communities present in the retrieval tub of an autonomous reef monitoring structure through a 500 micrometre mesh [ENVO:01001901]	Finland	EMOBON040421	33.5	CEB_DKR	CEB_DKS	2042166	240924_JARVIS_HJ2LFDRX5	No		Pass	COI		ARMS_TZS_ANG3_220622-221124_MF500_ETOH	EMOBON_TZS_Ha_31	EMOBON_TZS_Ha_31_metabCOI					CDW_AAJQ	310	GGWACWGGWTGAACWGTWTAYCCYCC; TAIACYTCIGGRTGICCRAARAAYCA		basic Genoscope QC	Illumina NovaSeq 6000	METAGENOMIC	PAIRED	Quick-DNA Fecal/soil		2022-06-22	TZS_Angbat_Ha_220622_221124	Yes	ETOH	autonomous reef monitoring structure [ENVO:01001855]	4	1	MF	500	ARMS Handbook v3.0	ANG3	Batch4	TZS_STOR	Ang	Baltic Sea	Finnish part of the Baltic Sea	Tammisaaren Ja Hangon Saariston Ja Pohjanpitäjänlahden Merensuojelualue	4	TZS Ha	sample	Batch4_240924